{"LW/22/OWzELue1CjrrMvGg==":"logo-122x54.jpg","uUtKZKPjnhI8OwO1Nuia7g==":"imageedit_1_5745398233-triangle-274x121.png","dvDUai+gnbUWoMr1Nb6P2g==":"capture-698x456.jpg","Gj1MmVeRzA6mGWos3RtC0Q==":"capture-698x275.jpeg","IqFCLa8lOEnWf543pgY3Yw==":"3-294x619.jpg","aNYPwEvPTig++lG8SxMKkg==":"capture-698x342.jpg","9P/rTmsqaWG3Owx/+eLu4g==":"capture-698x343.jpg","ezbNs+Mur/ddNBk56gHBJA==":"capture-771x378.jpg","309LmKR76ijIVSptatKLLg==":"1-293x623.jpg","bMf9iv9q9aa3VL6Y7BxbYw==":"2-293x624.jpg","qzwxz7eBDnhGNj87NiXHKw==":"3-1-294x619.jpg","0dO1CUpDHv942s+zZqbCWQ==":"4-293x625.jpg","SHMKM25N5kBwNnvd1RmsLg==":"capture-1-771x378.jpg"}